{"dev": 35.0, "start": 0.05000000000000002, "peak": 0.35000000000000003}